{"cameraMode":{"drawMode":0,"name":"Shaded","section":"Shading Mode"},"sceneLighting":true,"audioPlay":false,"sceneViewState":{"showFog":true,"showMaterialUpdate":false,"showSkybox":true,"showFlares":true,"showImageEffects":true,"showParticleSystems":true},"in2DMode":false,"pivot":{"x":-4385.64453125,"y":5557.0087890625,"z":-67584.828125},"rotation":{"x":-0.003992775920778513,"y":0.30236849188804629,"z":0.0012714567128568888,"w":0.9531818628311157},"size":205.66903686523438,"orthographic":false}